date_id,year,month,quarter,day_name
2010-12-01,2010,12,4,Wednesday
2010-12-02,2010,12,4,Thursday
2010-12-03,2010,12,4,Friday
2010-12-05,2010,12,4,Sunday
2010-12-06,2010,12,4,Monday
2010-12-07,2010,12,4,Tuesday
2010-12-08,2010,12,4,Wednesday
2010-12-09,2010,12,4,Thursday
2010-12-10,2010,12,4,Friday
2010-12-12,2010,12,4,Sunday
2010-12-13,2010,12,4,Monday
2010-12-14,2010,12,4,Tuesday
2010-12-15,2010,12,4,Wednesday
2010-12-16,2010,12,4,Thursday
2010-12-17,2010,12,4,Friday
2010-12-19,2010,12,4,Sunday
2010-12-20,2010,12,4,Monday
2010-12-21,2010,12,4,Tuesday
2010-12-22,2010,12,4,Wednesday
2010-12-23,2010,12,4,Thursday
2011-01-04,2011,1,1,Tuesday
2011-01-05,2011,1,1,Wednesday
2011-01-06,2011,1,1,Thursday
2011-01-07,2011,1,1,Friday
2011-01-09,2011,1,1,Sunday
2011-01-10,2011,1,1,Monday
2011-01-11,2011,1,1,Tuesday
2011-01-12,2011,1,1,Wednesday
2011-01-13,2011,1,1,Thursday
2011-01-14,2011,1,1,Friday
2011-01-16,2011,1,1,Sunday
2011-01-17,2011,1,1,Monday
2011-01-18,2011,1,1,Tuesday
2011-01-19,2011,1,1,Wednesday
2011-01-20,2011,1,1,Thursday
2011-01-21,2011,1,1,Friday
2011-01-23,2011,1,1,Sunday
2011-01-24,2011,1,1,Monday
2011-01-25,2011,1,1,Tuesday
2011-01-26,2011,1,1,Wednesday
2011-01-27,2011,1,1,Thursday
2011-01-28,2011,1,1,Friday
2011-01-30,2011,1,1,Sunday
2011-01-31,2011,1,1,Monday
2011-02-01,2011,2,1,Tuesday
2011-02-02,2011,2,1,Wednesday
2011-02-03,2011,2,1,Thursday
2011-02-04,2011,2,1,Friday
2011-02-06,2011,2,1,Sunday
2011-02-07,2011,2,1,Monday
2011-02-08,2011,2,1,Tuesday
2011-02-09,2011,2,1,Wednesday
2011-02-10,2011,2,1,Thursday
2011-02-11,2011,2,1,Friday
2011-02-13,2011,2,1,Sunday
2011-02-14,2011,2,1,Monday
2011-02-15,2011,2,1,Tuesday
2011-02-16,2011,2,1,Wednesday
2011-02-17,2011,2,1,Thursday
2011-02-18,2011,2,1,Friday
2011-02-20,2011,2,1,Sunday
2011-02-21,2011,2,1,Monday
2011-02-22,2011,2,1,Tuesday
2011-02-23,2011,2,1,Wednesday
2011-02-24,2011,2,1,Thursday
2011-02-25,2011,2,1,Friday
2011-02-27,2011,2,1,Sunday
2011-02-28,2011,2,1,Monday
2011-03-01,2011,3,1,Tuesday
2011-03-02,2011,3,1,Wednesday
2011-03-03,2011,3,1,Thursday
2011-03-04,2011,3,1,Friday
2011-03-06,2011,3,1,Sunday
2011-03-07,2011,3,1,Monday
2011-03-08,2011,3,1,Tuesday
2011-03-09,2011,3,1,Wednesday
2011-03-10,2011,3,1,Thursday
2011-03-11,2011,3,1,Friday
2011-03-13,2011,3,1,Sunday
2011-03-14,2011,3,1,Monday
2011-03-15,2011,3,1,Tuesday
2011-03-16,2011,3,1,Wednesday
2011-03-17,2011,3,1,Thursday
2011-03-18,2011,3,1,Friday
2011-03-20,2011,3,1,Sunday
2011-03-21,2011,3,1,Monday
2011-03-22,2011,3,1,Tuesday
2011-03-23,2011,3,1,Wednesday
2011-03-24,2011,3,1,Thursday
2011-03-25,2011,3,1,Friday
2011-03-27,2011,3,1,Sunday
2011-03-28,2011,3,1,Monday
2011-03-29,2011,3,1,Tuesday
2011-03-30,2011,3,1,Wednesday
2011-03-31,2011,3,1,Thursday
2011-04-01,2011,4,2,Friday
2011-04-03,2011,4,2,Sunday
2011-04-04,2011,4,2,Monday
2011-04-05,2011,4,2,Tuesday
2011-04-06,2011,4,2,Wednesday
2011-04-07,2011,4,2,Thursday
2011-04-08,2011,4,2,Friday
2011-04-10,2011,4,2,Sunday
2011-04-11,2011,4,2,Monday
2011-04-12,2011,4,2,Tuesday
2011-04-13,2011,4,2,Wednesday
2011-04-14,2011,4,2,Thursday
2011-04-15,2011,4,2,Friday
2011-04-17,2011,4,2,Sunday
2011-04-18,2011,4,2,Monday
2011-04-19,2011,4,2,Tuesday
2011-04-20,2011,4,2,Wednesday
2011-04-21,2011,4,2,Thursday
2011-04-26,2011,4,2,Tuesday
2011-04-27,2011,4,2,Wednesday
2011-04-28,2011,4,2,Thursday
2011-05-01,2011,5,2,Sunday
2011-05-03,2011,5,2,Tuesday
2011-05-04,2011,5,2,Wednesday
2011-05-05,2011,5,2,Thursday
2011-05-06,2011,5,2,Friday
2011-05-08,2011,5,2,Sunday
2011-05-09,2011,5,2,Monday
2011-05-10,2011,5,2,Tuesday
2011-05-11,2011,5,2,Wednesday
2011-05-12,2011,5,2,Thursday
2011-05-13,2011,5,2,Friday
2011-05-15,2011,5,2,Sunday
2011-05-16,2011,5,2,Monday
2011-05-17,2011,5,2,Tuesday
2011-05-18,2011,5,2,Wednesday
2011-05-19,2011,5,2,Thursday
2011-05-20,2011,5,2,Friday
2011-05-22,2011,5,2,Sunday
2011-05-23,2011,5,2,Monday
2011-05-24,2011,5,2,Tuesday
2011-05-25,2011,5,2,Wednesday
2011-05-26,2011,5,2,Thursday
2011-05-27,2011,5,2,Friday
2011-05-29,2011,5,2,Sunday
2011-05-31,2011,5,2,Tuesday
2011-06-01,2011,6,2,Wednesday
2011-06-02,2011,6,2,Thursday
2011-06-03,2011,6,2,Friday
2011-06-05,2011,6,2,Sunday
2011-06-06,2011,6,2,Monday
2011-06-07,2011,6,2,Tuesday
2011-06-08,2011,6,2,Wednesday
2011-06-09,2011,6,2,Thursday
2011-06-10,2011,6,2,Friday
2011-06-12,2011,6,2,Sunday
2011-06-13,2011,6,2,Monday
2011-06-14,2011,6,2,Tuesday
2011-06-15,2011,6,2,Wednesday
2011-06-16,2011,6,2,Thursday
2011-06-17,2011,6,2,Friday
2011-06-19,2011,6,2,Sunday
2011-06-20,2011,6,2,Monday
2011-06-21,2011,6,2,Tuesday
2011-06-22,2011,6,2,Wednesday
2011-06-23,2011,6,2,Thursday
2011-06-24,2011,6,2,Friday
2011-06-26,2011,6,2,Sunday
2011-06-27,2011,6,2,Monday
2011-06-28,2011,6,2,Tuesday
2011-06-29,2011,6,2,Wednesday
2011-06-30,2011,6,2,Thursday
2011-07-01,2011,7,3,Friday
2011-07-03,2011,7,3,Sunday
2011-07-04,2011,7,3,Monday
2011-07-05,2011,7,3,Tuesday
2011-07-06,2011,7,3,Wednesday
2011-07-07,2011,7,3,Thursday
2011-07-08,2011,7,3,Friday
2011-07-10,2011,7,3,Sunday
2011-07-11,2011,7,3,Monday
2011-07-12,2011,7,3,Tuesday
2011-07-13,2011,7,3,Wednesday
2011-07-14,2011,7,3,Thursday
2011-07-15,2011,7,3,Friday
2011-07-17,2011,7,3,Sunday
2011-07-18,2011,7,3,Monday
2011-07-19,2011,7,3,Tuesday
2011-07-20,2011,7,3,Wednesday
2011-07-21,2011,7,3,Thursday
2011-07-22,2011,7,3,Friday
2011-07-24,2011,7,3,Sunday
2011-07-25,2011,7,3,Monday
2011-07-26,2011,7,3,Tuesday
2011-07-27,2011,7,3,Wednesday
2011-07-28,2011,7,3,Thursday
2011-07-29,2011,7,3,Friday
2011-07-31,2011,7,3,Sunday
2011-08-01,2011,8,3,Monday
2011-08-02,2011,8,3,Tuesday
2011-08-03,2011,8,3,Wednesday
2011-08-04,2011,8,3,Thursday
2011-08-05,2011,8,3,Friday
2011-08-07,2011,8,3,Sunday
2011-08-08,2011,8,3,Monday
2011-08-09,2011,8,3,Tuesday
2011-08-10,2011,8,3,Wednesday
2011-08-11,2011,8,3,Thursday
2011-08-12,2011,8,3,Friday
2011-08-14,2011,8,3,Sunday
2011-08-15,2011,8,3,Monday
2011-08-16,2011,8,3,Tuesday
2011-08-17,2011,8,3,Wednesday
2011-08-18,2011,8,3,Thursday
2011-08-19,2011,8,3,Friday
2011-08-21,2011,8,3,Sunday
2011-08-22,2011,8,3,Monday
2011-08-23,2011,8,3,Tuesday
2011-08-24,2011,8,3,Wednesday
2011-08-25,2011,8,3,Thursday
2011-08-26,2011,8,3,Friday
2011-08-28,2011,8,3,Sunday
2011-08-30,2011,8,3,Tuesday
2011-08-31,2011,8,3,Wednesday
2011-09-01,2011,9,3,Thursday
2011-09-02,2011,9,3,Friday
2011-09-04,2011,9,3,Sunday
2011-09-05,2011,9,3,Monday
2011-09-06,2011,9,3,Tuesday
2011-09-07,2011,9,3,Wednesday
2011-09-08,2011,9,3,Thursday
2011-09-09,2011,9,3,Friday
2011-09-11,2011,9,3,Sunday
2011-09-12,2011,9,3,Monday
2011-09-13,2011,9,3,Tuesday
2011-09-14,2011,9,3,Wednesday
2011-09-15,2011,9,3,Thursday
2011-09-16,2011,9,3,Friday
2011-09-18,2011,9,3,Sunday
2011-09-19,2011,9,3,Monday
2011-09-20,2011,9,3,Tuesday
2011-09-21,2011,9,3,Wednesday
2011-09-22,2011,9,3,Thursday
2011-09-23,2011,9,3,Friday
2011-09-25,2011,9,3,Sunday
2011-09-26,2011,9,3,Monday
2011-09-27,2011,9,3,Tuesday
2011-09-28,2011,9,3,Wednesday
2011-09-29,2011,9,3,Thursday
2011-09-30,2011,9,3,Friday
2011-10-02,2011,10,4,Sunday
2011-10-03,2011,10,4,Monday
2011-10-04,2011,10,4,Tuesday
2011-10-05,2011,10,4,Wednesday
2011-10-06,2011,10,4,Thursday
2011-10-07,2011,10,4,Friday
2011-10-09,2011,10,4,Sunday
2011-10-10,2011,10,4,Monday
2011-10-11,2011,10,4,Tuesday
2011-10-12,2011,10,4,Wednesday
2011-10-13,2011,10,4,Thursday
2011-10-14,2011,10,4,Friday
2011-10-16,2011,10,4,Sunday
2011-10-17,2011,10,4,Monday
2011-10-18,2011,10,4,Tuesday
2011-10-19,2011,10,4,Wednesday
2011-10-20,2011,10,4,Thursday
2011-10-21,2011,10,4,Friday
2011-10-23,2011,10,4,Sunday
2011-10-24,2011,10,4,Monday
2011-10-25,2011,10,4,Tuesday
2011-10-26,2011,10,4,Wednesday
2011-10-27,2011,10,4,Thursday
2011-10-28,2011,10,4,Friday
2011-10-30,2011,10,4,Sunday
2011-10-31,2011,10,4,Monday
2011-11-01,2011,11,4,Tuesday
2011-11-02,2011,11,4,Wednesday
2011-11-03,2011,11,4,Thursday
2011-11-04,2011,11,4,Friday
2011-11-06,2011,11,4,Sunday
2011-11-07,2011,11,4,Monday
2011-11-08,2011,11,4,Tuesday
2011-11-09,2011,11,4,Wednesday
2011-11-10,2011,11,4,Thursday
2011-11-11,2011,11,4,Friday
2011-11-13,2011,11,4,Sunday
2011-11-14,2011,11,4,Monday
2011-11-15,2011,11,4,Tuesday
2011-11-16,2011,11,4,Wednesday
2011-11-17,2011,11,4,Thursday
2011-11-18,2011,11,4,Friday
2011-11-20,2011,11,4,Sunday
2011-11-21,2011,11,4,Monday
2011-11-22,2011,11,4,Tuesday
2011-11-23,2011,11,4,Wednesday
2011-11-24,2011,11,4,Thursday
2011-11-25,2011,11,4,Friday
2011-11-27,2011,11,4,Sunday
2011-11-28,2011,11,4,Monday
2011-11-29,2011,11,4,Tuesday
2011-11-30,2011,11,4,Wednesday
2011-12-01,2011,12,4,Thursday
2011-12-02,2011,12,4,Friday
2011-12-04,2011,12,4,Sunday
2011-12-05,2011,12,4,Monday
2011-12-06,2011,12,4,Tuesday
2011-12-07,2011,12,4,Wednesday
2011-12-08,2011,12,4,Thursday
2011-12-09,2011,12,4,Friday
